date,uci,usd_uzs,trading_volume,trading_value,log_uci,log_fx,r_uci,r_fx,zero_return_uci,zero_volume_uci,zero_value_uci,post_reform
2016-09-02,1005.14,2989.64,1,5940.0,6.912882114273934,8.002908257798117,,,0,0,0,0
2016-09-09,1005.45,2994.76,1,6000.0,6.913190481472077,8.004619373782758,0.0308367198142534,0.17111159846407986,0,0,0,0
2016-09-16,1005.45,3000.25,0,0.0,6.913190481472077,8.00645089751155,0.0,0.18315237287929165,1,1,1,0
2016-09-23,1005.45,3005.11,140213,96826940.0,6.913190481472077,8.008069451956576,0.0,0.16185544450255662,1,0,0,0
2016-09-30,1007.3,3010.2,53489430,5431241856.0,6.915028762948635,8.009761800718262,0.1838281476558734,0.16923487616864463,0,0,0,0
2016-10-07,1007.92,3028.47,277417,324038280.0,6.915644080402374,8.015812820477931,0.06153174537386619,0.6051019759668819,0,0,0,0
2016-10-14,1007.93,3046.85,8021,25458340.0,6.915654001775493,8.021863549024344,0.0009921373118615406,0.6050728546412643,0,0,0,0
2016-10-21,1007.95,3065.35,176249,167233500.0,6.915673844226433,8.027917034346766,0.0019842450940110723,0.6053485322421892,0,0,0,0
2016-10-28,1007.93,3083.96,319252138,7101938860.0,6.915654001775493,8.033969764430495,-0.0019842450940110723,0.6052730083728974,0,0,0,0
2016-11-04,1008.57,3102.18,30822999,3216052954.0,6.916288765000377,8.039860369132281,0.0634763224883983,0.5890604701786373,0,0,0,0
2016-11-11,1009.18,3120.51,170767,452440234.8,6.916893398893162,8.045751728983609,0.06046338927854222,0.5891359851327493,0,0,0,0
2016-11-18,1009.14,3138.95,984654,1025684550.0,6.916853761967396,8.051643628075396,-0.003963692576558486,0.5891899091787778,0,0,0,0
2016-11-25,1009.26,3157.5,13479549,13424101756.73,6.916972668031746,8.057535854224646,0.011890606434938888,0.589222614924978,0,0,0,0
2016-12-02,1010.6,3176.16,251354,137616448.0,6.918299492857808,8.06342819893186,0.13268248260622784,0.5892344707213226,0,0,0,0
2016-12-09,1010.61,3189.93,12162356,278993077.15,6.918309387920667,8.067754251964459,0.0009895062858866766,0.4326053032599475,0,0,0,0
2016-12-16,1010.5,3203.7,2569591,393549425.8,6.918200536843676,8.07206167084561,-0.010885107699110108,0.43074188811509373,0,0,0,0
2016-12-23,1010.61,3217.56,8671348,348279389.64,6.918309387920667,8.076378587315057,0.010885107699110108,0.43169164694472073,0,0,0,0
2016-12-30,1000.88,3231.48,25406050,4078715115.9300003,6.908634892009145,8.080695515607518,-0.967449591152203,0.43169282924608865,0,0,0,0
2017-01-06,1000.88,3239.62,59092,70232407.0,6.908634892009145,8.083211317957458,0.0,0.25158023499400883,1,0,0,0
2017-01-13,1002.77,3243.89,132051,176792333.0,6.910521449602095,8.084528505905764,0.1886557592950311,0.13171879483060422,0,0,0,0
2017-01-20,1002.77,3251.06,1477314,642847227.0,6.910521449602095,8.086736375993334,0.0,0.2207870087570285,1,0,0,0
2017-01-27,1005.68,3265.54,2193903,6674095550.0,6.913419208606576,8.09118041854039,0.2897759004480527,0.4444042547055105,0,0,0,0
2017-02-03,1005.11,3280.25,93110,268756988.28,6.912852267239981,8.095674917985825,-0.056694136659452,0.44944994454354514,0,0,0,0
2017-02-10,1007.83,3294.74,1257722,59898660.6,6.915554783614519,8.100082536387744,0.2702516374538,0.44076184019186115,0,0,0,0
2017-02-17,1008.4,3309.35,425395,383579640.0,6.9161201953137645,8.104507074464731,0.056541169924528845,0.44245380769876164,0,0,0,0
2017-02-24,1014.99,3356.87,12559217,3375545677.0,6.922634039210606,8.11876427117807,0.6513843896841287,1.4257196713339582,0,0,0,0
2017-03-03,1014.85,3404.35,4588414,1500009550.0,6.922496097303635,8.132809304619144,-0.013794190697069553,1.404503344107333,0,0,0,0
2017-03-10,1014.85,3452.3,836394,1200898530.0,6.922496097303635,8.146795954568566,0.0,1.3986649949421448,1,0,0,0
2017-03-17,1014.85,3500.01,109609851,2021725256.0,6.922496097303635,8.160521104616281,0.0,1.3725150047715573,1,0,0,0
2017-03-24,1015.06,3548.11,591362,119495505.0,6.922703003029258,8.174170346331062,0.020690572562287457,1.3649241714780658,0,0,0,0
2017-03-31,1015.06,3595.02,240478,173683270.0,6.922703003029258,8.187304833422008,0.0,1.3134487090946223,1,0,0,0
2017-04-07,1015.0,3623.07,1744200,406562905.0,6.922643891475888,8.19507701171312,-0.005911155337035012,0.7772178291112652,0,0,0,0
2017-04-14,994.92,3650.74,7607797,1735284276.0,6.902662331916128,8.202685165753644,-1.9981559559759887,0.7608154040523729,0,0,0,0
2017-04-21,998.77,3678.89,6984,12868040.0,6.906524521911275,8.210366355228585,0.3862189995147425,0.7681189474940453,0,0,0,0
2017-04-28,998.77,3706.22,1224624,16413230.0,6.906524521911275,8.217767768278199,0.0,0.7401413049613836,1,0,0,0
2017-05-05,999.0,3734.91,891183150,1239459607.4,6.906754778648554,8.225479000891053,0.02302567372787223,0.7711232612853891,0,0,0,0
2017-05-12,993.35,3765.77,19553,62813960.0,6.9010830692140726,8.233707634595842,-0.5671709434481365,0.822863370478899,0,0,0,0
2017-05-19,1007.73,3790.0,206024,739001000.0,6.915455555608325,8.240121298076472,1.4372486394252704,0.641366348063066,0,0,0,0
2017-05-26,1007.73,3820.46,44548,84410020.0,6.915455555608325,8.248126113199021,0.0,0.8004815122548692,1,0,0,0
2017-06-02,1008.71,3846.33,152617,262510617.0,6.916427565762021,8.254874725899958,0.09720101536956349,0.6748612700937073,0,0,0,0
2017-06-09,1009.04,3874.48,218670,496252227.76,6.916754662778938,8.262166739234301,0.03270970169166887,0.7292013334343039,0,0,0,0
2017-06-16,1003.22,3903.19,33201,64067369.0,6.910970105884079,8.269549446497935,-0.5784556894858461,0.7382707263634103,0,0,0,0
2017-06-23,1003.96,3930.91,22322613,6796387905.0,6.911707458820565,8.276626230222092,0.07373529364862463,0.707678372415721,0,0,0,0
2017-06-30,1003.95,3958.56,2289982,595650466.0,6.911697498214761,8.283635601753154,-0.0009960605804160139,0.7009371531061959,0,0,0,0
2017-07-07,1003.84,3986.55,100451578,10452965017.0,6.911587925002314,8.29068147419426,-0.010957321244742246,0.7045872441105772,0,0,0,0
2017-07-14,1004.81,4014.5,2503874,219959937.0,6.9125537478937105,8.29766808562474,0.09658228913966838,0.6986611430479073,0,0,0,0
2017-07-21,998.61,4042.47,10664200,1175618150.0,6.906364312035996,8.304611170273446,-0.6189435857714365,0.6943084648707298,0,0,0,0
2017-07-28,998.61,4070.38,116216,131554440.75,6.906364312035996,8.311491640171665,0.0,0.6880469898218777,1,0,0,0
2017-08-04,1000.55,4098.37,191154,11315080.0,6.908305127787573,8.318344612668472,0.19408157515767854,0.6852972496806942,0,0,0,0
2017-08-11,1002.77,4126.45,1619995,2484327560.0,6.910521449602095,8.32517275215332,0.22163218145223595,0.6828139484847284,0,0,0,0
2017-08-18,1002.71,4154.36,1525025,1752076883.7,6.910461613552853,8.331913664137906,-0.005983604924253427,0.6740911984586262,0,0,0,0
2017-08-25,999.97,4182.3,3265870,3893112648.0,6.907725278532128,8.338616613427153,-0.27363350207245674,0.6702949289246973,0,0,0,0
2017-09-01,999.0,4210.35,1550486,3464710658.0,6.906754778648554,8.345301058612796,-0.09704998835742273,0.6684445185642929,0,0,0,0
2017-09-08,994.51,8100.0,13933417,243543550.0,6.902250153547645,8.99961934066053,-0.45046251009086546,65.43182820477344,0,0,0,1
2017-09-15,995.23,8092.13,465733,853094935.4,6.902973866225107,8.99864726340822,0.07237126774617408,-0.09720772523102994,0,0,0,1
2017-09-22,995.23,8077.48,367025,600646200.0,6.902973866225107,8.99683522168197,0.0,-0.18120417262501576,1,0,0,1
2017-09-29,996.88,8066.96,71798,126172130.0,6.904630401634612,8.99553198645189,0.16565354095048335,-0.1303235230079025,0,0,0,1
2017-10-06,998.64,8060.8,1396840,929997443.0,6.906394353342796,8.994768086158292,0.17639517081837752,-0.07639002935988515,0,0,0,1
2017-10-13,990.02,8052.08,40100717,3288340708.0,6.897725144944779,8.993685722130097,-0.8669208398016437,-0.10823640281945046,0,0,0,1
2017-10-20,990.53,8058.77,7876981,51850390.4,6.8982401534134095,8.99451621839622,0.05150084686302847,0.08304962661220827,0,0,0,1
2017-10-27,990.51,8069.61,9314010,125298631.4,6.898219961998798,8.995860432958654,-0.00201914146114035,0.13442145624349422,0,0,0,1
2017-11-03,993.94,8078.12,22995,30545690.0,6.901676842661667,8.99691445117519,0.34568806628687554,0.10540182165357237,0,0,0,1
2017-11-10,994.16,8067.62,19362123,1043932940.4,6.9018981594977395,8.995613798311929,0.0221316836072738,-0.1300652863260865,0,0,0,1
2017-11-17,991.83,8069.29,33010223,2644972449.0,6.899551721631449,8.99582077722003,-0.23464378662909624,0.020697890810161823,0,0,0,1
2017-11-24,988.98,8085.11,47969658,1327319599.06,6.89667410897132,8.99777937736083,-0.2877612660128648,0.19586001407994047,0,0,0,1
2017-12-01,988.68,8095.88,9991882,1777361431.03,6.896370720115499,8.99911056928301,-0.03033888558210407,0.13311919221798973,0,0,0,1
2017-12-08,988.25,8096.33,17529646,9911535134.89,6.895935702176795,8.99916615156611,-0.0435017938704263,0.00555822830996533,0,0,0,1
2017-12-15,999.0,8093.0,18066840,1277427212.68,6.906754778648554,8.998754769495703,1.0819076471759281,-0.04113820704070292,0,0,0,1
2018-01-05,1001.7,8136.67,19537370,5079745000.0,6.909453835617718,9.00413628438698,0.2699056969164282,0.5381514891277916,0,0,0,1
2018-01-12,1001.7,8139.0,8800000,88000000.0,6.909453835617718,9.004422601327041,0.0,0.028631694006087116,1,0,0,1
2018-01-19,1001.7,8146.38,142147,24397520.0,6.909453835617718,9.005328935782263,0.0,0.09063344552213692,1,0,0,1
2018-01-26,1003.88,8163.93,1624837,111742080.0,6.911627771196011,9.007480949664657,0.21739355782930403,0.2152013882394499,0,0,0,1
2018-02-02,1003.61,8175.77,47268102,5955629235.0,6.911358778571761,9.008930180932339,-0.026899262425050807,0.14492312676814834,0,0,0,1
2018-02-09,1011.14,8186.95,5799171,210053888.0,6.918833686189138,9.010296702114609,0.7474907617377013,0.13665211822697643,0,0,0,1
2018-02-16,1013.22,8188.33,20713297,317329575.0,6.9208886573721,9.010465248851308,0.2054971182961829,0.016854673669897124,0,0,0,1
2018-02-23,1013.71,8182.73,1721770,2578376098.3,6.921372147191231,9.009781114749005,0.04834898191310444,-0.06841341023022807,0,0,0,1
2018-03-02,1017.72,8171.64,36915940,7147896701.4,6.925320110161609,9.008424902103721,0.39479629703782493,-0.13562126452839607,0,0,0,1
2018-03-09,1025.02,8163.46,4113109,3265549146.4300003,6.93246740357727,9.007423377695085,0.7147293415661338,-0.10015244086361008,0,0,0,1
2018-03-16,1021.52,8140.06,2553577,3760365343.68,6.929046993116426,9.004552829976792,-0.3420410460844181,-0.2870547718293537,0,0,0,1
2018-03-23,1021.52,8140.06,103334,516670000.0,6.929046993116426,9.004552829976792,0.0,0.0,1,0,0,1
2018-04-13,1037.14,8094.99,57972,97825593.0,6.944222203938797,8.999000630780522,1.5175210822371277,-0.5552199196269925,0,0,0,1
2018-04-20,1025.88,8077.26,18615644,3197858733.6,6.933306059826143,8.996807985093822,-1.091614411265418,-0.21926456866996347,0,0,0,1
2018-04-27,1023.82,8068.17,13722123,1836317993.3,6.931296008898118,8.995681969749487,-0.20100509280247536,-0.11260153443348742,0,0,0,1
2018-05-04,1023.73,8068.2,68088187,4235644577.0,6.931208098956913,8.995685688057879,-0.008790994120566609,0.00037183083918534976,0,0,0,1
2018-05-11,1030.46,8059.24,39408561,1495089708.25,6.937760583468464,8.994574538250857,0.6552484511550993,-0.11111498070217607,0,0,0,1
2018-05-18,1029.73,8025.83,5218918,5073749485.88,6.937051910937725,8.990420369441312,-0.07086725307390296,-0.41541688095456664,0,0,0,1
2018-05-25,1031.27,7997.95,6926132,4752837856.68,6.938546331400224,8.986940537824331,0.14944204624995905,-0.3479831616980178,0,0,0,1
2018-06-01,1033.09,7982.25,29194493,2434168492.5,6.94030959020348,8.984975605589263,0.1763258803255674,-0.19649322350687726,0,0,0,1
2018-06-08,1045.07,7944.07,56187448,8522464680.620001,6.951839147801406,8.980181017367958,1.1529557597926399,-0.4794588221304963,0,0,0,1
2018-06-15,1046.43,7909.37,241668926,10712814242.04,6.953139650016737,8.975803411572087,0.13005022153302903,-0.43776057958702097,0,0,0,1
2018-06-22,1051.62,7883.99,821122,996020535.81,6.95808711131314,8.972589399880126,0.49474612964033327,-0.3214011691961005,0,0,0,1
2018-06-29,1062.72,7871.66,63154923,6461094169.5,6.968586938188381,8.971024246742418,1.0499826875241425,-0.15651531377081085,0,0,0,1
2018-07-06,1077.31,7846.27,89366862,10039314385.95,6.982222472322488,8.967793538616863,1.3635534134106564,-0.32307081255549264,0,0,0,1
2018-07-13,1084.65,7813.42,174784471,18875296971.38,6.989012633289071,8.963598047111493,0.6790160966582803,-0.41954915053707964,0,0,0,1
2018-07-20,1080.25,7787.81,107171603,2047569813.77,6.984947774812043,8.960314969687044,-0.4064858477027755,-0.3283077424448777,0,0,0,1
2018-07-27,1064.22,7789.38,114774243,1881904468.19,6.96999741544555,8.96051654648046,-1.4950359366492805,0.020157679341537005,0,0,0,1
2018-08-03,1073.94,7791.88,66907157,26883684868.8,6.979089407586463,8.960837444793105,0.9091992140913163,0.032089831264592306,0,0,0,1
2018-08-10,1051.73,7783.05,358070,314832141.81,6.958191706363987,8.959703571196751,-2.089770122247625,-0.11338735963537516,0,0,0,1
2018-08-17,1066.82,7790.2,2699913,3934595751.8,6.972437539788667,8.960621812476173,1.424583342468022,0.09182412794217498,0,0,0,1
2018-08-24,1060.68,7803.79,1569108,1519055239.45,6.966665490860857,8.962364792103648,-0.577204892781058,0.17429796274743836,0,0,0,1
2018-08-31,1063.62,7827.23,27185953,19114056650.25,6.969433463253748,8.965363958833679,0.27679723928910605,0.2999166730031533,0,0,0,1
2018-09-07,1063.74,7842.93,16630981,240195468.65,6.969546279138344,8.967367768016647,0.01128158845959959,0.20038091829679416,0,0,0,1
2018-09-14,1059.16,7862.17,7635694,12448219787.33,6.9652314201192,8.969817928744725,-0.43148590191437464,0.24501607280775772,0,0,0,1
2018-09-21,1056.59,8039.0,17171298,4495950192.719999,6.962802020365913,8.99205997632796,-0.24293997532867095,2.2242047583235447,0,0,0,1
2018-09-28,1060.51,8079.28,21789300,22318516542.3,6.96650520347466,8.997058038633815,0.37031831087466216,0.49980623058552,0,0,0,1
2018-10-05,1041.79,8179.66,10015293,4033142896.46,6.948695666493665,9.009405863940776,-1.7809536980994523,1.2347825306960658,0,0,0,1
2018-10-12,1027.13,8181.08,12791980,11885831404.3,6.934523784196179,9.00957945022154,-1.4171882297486782,0.01735862807645816,0,0,0,1
2018-10-19,1026.25,8208.04,9696864,2302922621.42,6.933666660766638,9.012869440693024,-0.08571234295402519,0.32899904714831507,0,0,0,1
2018-10-26,1033.05,8226.1,301860581,10607263110.6,6.940270870658817,9.015067305293186,0.6604209892178581,0.21978646001628022,0,0,0,1
2018-11-02,1034.86,8236.87,85536387,30416695052.85,6.942021430849756,9.01637569637164,0.1750560190939332,0.13083910784530417,0,0,0,1
2018-11-09,1049.64,8249.97,562996461,12135461310.76,6.956202527219764,9.017964842958479,1.418109637000775,0.15891465868396182,0,0,0,1
2018-11-16,1049.87,8271.27,24454388,18075674986.82,6.956421625962728,9.020543343337552,0.02190987429635527,0.25785003790730343,0,0,0,1
2018-11-23,868.22,8277.53,11020658,12985948298.18,6.766445138766946,9.021299893697527,-18.99764871957812,0.07565503599753498,0,0,0,1
2018-11-30,859.31,8299.2,31632038,27692626398.5,6.756129741630725,9.023914403597136,-1.0315397136221094,0.26145098996082083,0,0,0,1
2018-12-07,859.04,8314.85,17434015,6114830769.9,6.755815486674259,9.025798351776999,-0.03142549564660868,0.18839481798629265,0,0,0,1
2018-12-14,856.74,8312.64,18213035,26566443549.629997,6.753134488670259,9.025532526927545,-0.26809980040001236,-0.02658248494533666,0,0,0,1
2018-12-21,856.03,8325.59,10170067,7135367188.259999,6.752305422256592,9.027089183208293,-0.0829066413666979,0.1556656280747859,0,0,0,1
2018-12-28,854.54,8339.55,5016990,22650570818.3,6.75056331246063,9.028764537062537,-0.17421097959617882,0.16753538542442215,0,0,0,1
2019-01-04,858.25,8336.25,207879,143068601.76,6.754895432337801,9.028368753946516,0.4332119877171081,-0.03957831160210645,0,0,0,1
2019-01-11,858.84,8337.07,1906821,736601735.66,6.755582641538506,9.028467114680991,0.06872092007048636,0.009836073447466731,0,0,0,1
2019-01-18,315.53,8356.18,178770069,2300329152.13,5.754253764624003,9.030756663851816,-100.13288769145036,0.22895491708254667,0,0,0,1
2019-01-25,326.29,8378.18,17297677,410225133.82,5.7877865564854645,9.033385986117436,3.3532791861461853,0.2629322265619294,0,0,0,1
2019-02-01,330.85,8384.94,5378484,547165897.4300001,5.801665100458068,9.034192518596646,1.3878543972603907,0.08065324792099204,0,0,0,1
2019-02-08,345.54,8401.53,4174794,814571378.6,5.8451084107466365,9.036169111102552,4.344331028856807,0.1976592505906538,0,0,0,1
2019-02-15,344.33,8395.15,7966017,4972720575.190001,5.841600499862562,9.035409437130454,-0.3507910884074761,-0.0759673972098085,0,0,0,1
2019-02-22,345.43,8392.2,2814429,1770501987.5899997,5.84479001776017,9.035057982013313,0.31895178976082406,-0.035145511714063105,0,0,0,1
2019-03-01,341.47,8403.19,2821622,569002585.64,5.833259827421407,9.036366674644865,-1.1530190338763013,0.13086926315519776,0,0,0,1
2019-03-08,342.79,8392.96,2407115,1104041022.1100001,5.83711801476954,9.035148538195145,0.3858187348132702,-0.12181364497205749,0,0,0,1
2019-03-15,606.26,8374.1,3765550,6875854332.829999,6.407308936961015,9.032898888232172,57.01909221914754,-0.2249649962973166,0,0,0,1
2019-03-22,609.13,8378.04,2078283,5653426806.009999,6.412031709625774,9.03336927590475,0.47227726647589563,0.04703876725784539,0,0,0,1
2019-03-29,610.84,8389.97,17542609,10641118411.58,6.4148350590849805,9.03479222376952,0.2803349459206572,0.1422947864769597,0,0,0,1
2019-04-05,613.03,8419.62,14915608,1329190501.5500002,6.418413874379816,9.038319975576623,0.357881529483528,0.35277518071037406,0,0,0,1
2019-04-12,619.74,8451.37,45885920,9405052134.45,6.429300035246597,9.042083837387057,1.0886160866781402,0.3763861810433866,0,0,0,1
2019-04-19,1376.46,8455.37,10758768,10680301037.02,7.227270264952298,9.042557021463306,79.7970229705701,0.047318407624885594,0,0,0,1
2019-04-26,1377.19,8441.36,105482226,11702553505.35,7.227800470328509,9.040898712049518,0.0530205376210624,-0.16583094137878618,0,0,0,1
2019-05-03,625.02,8445.49,11146432,1388726477.6000001,6.4377836492244125,9.04138785005718,-79.00168211040963,0.04891380076621488,0,0,0,1
2019-05-10,628.93,8448.89,2333161,2504282866.54,6.4440199627491515,9.04179035077587,0.6236313524738968,0.04025007186889695,0,0,0,1
2019-05-17,616.98,8458.16,8049908,4970186214.22,6.424836608469154,9.042886934855165,-1.918335427999729,0.10965840792955817,0,0,0,1
2019-05-24,608.37,8460.92,6971000,2001985169.63,6.410783249504682,9.043213193732655,-1.4053358964472018,0.03262588774894937,0,0,0,1
2019-05-31,625.31,8485.91,593355,373940944.04,6.438247526769061,9.046162420002517,2.7464277264378723,0.29492262698624927,0,0,0,1
2019-06-07,624.63,8513.57,51700138,3233756640.12,6.437159474435212,9.04941664006217,-0.10880523338485659,0.32542200596523685,0,0,0,1
2019-06-14,624.94,8518.68,150811322,3233446821.9900002,6.437655645128107,9.05001667824307,0.04961706928945375,0.060003818090059724,0,0,0,1
2019-06-21,621.04,8535.74,3327214,4772597168.25,6.431395492097425,9.052017333286207,-0.6260153030681614,0.20006550431368453,0,0,0,1
2019-06-28,621.84,8562.34,4773244,1200236743.22,6.432682824921964,9.055128796264507,0.1287332824539078,0.3111462978299784,0,0,0,1
2019-07-05,635.67,8574.74,8795149,585647094.8,6.45467956075705,9.05657595087475,2.199673583508588,0.1447154610243473,0,0,0,1
2019-07-12,635.08,8578.36,11421784,764761100.49,6.453750975209311,9.05699803202087,-0.09285855477392246,0.042208114611952396,0,0,0,1
2019-07-19,631.43,8584.5,2365546,1102547633.12,6.44798708845731,9.057713530517267,-0.576388675200068,0.07154984963975153,0,0,0,1
2019-07-26,628.31,8624.51,789324298,5458189215.47,6.443033675245955,9.062363428691517,-0.495341321135534,0.4649898174250211,0,0,0,1
2019-08-02,626.6,8666.71,47992928,857755125.79,6.4403083785180915,9.067244528323009,-0.272529672786348,0.48810996314916366,0,0,0,1
2019-08-09,609.35,8704.87,70974172,69676572425.52,6.412392815269511,9.071637918144768,-2.7915563248580355,0.4393389821759186,0,0,0,1
2019-08-16,610.35,9061.0,21059141,13572436764.64,6.414032563115809,9.11173476822206,0.16397478462977233,4.0096850077292245,0,0,0,1
2019-08-23,628.44,9384.0,13949173,3869068170.4,6.443240558079396,9.146761390333312,2.9207994963587502,3.5026622111251626,0,0,0,1
2019-08-30,631.4,9373.93,649776,1427419947.2,6.447939576123892,9.145687710991574,0.469901804449524,-0.10736793417382984,0,0,0,1
2019-09-06,628.14,9384.57,8060108,8244783256.940001,6.442763071559319,9.14682213017659,-0.5176504564572859,0.11344191850160001,0,0,0,1
2019-09-13,632.61,9395.63,6746646,4448948921.07,6.4498541185240335,9.147999966544532,0.7091046964714742,0.11778363679422199,0,0,0,1
2019-09-20,632.97,9411.3,102692285,1781682715.82,6.4504230276561465,9.149666373940763,0.056890913211304905,0.16664073962306958,0,0,0,1
2019-09-27,625.23,9424.54,3301243,3503025429.07,6.438119582041009,9.151072204759094,-1.2303445615137854,0.1405830818331566,0,0,0,1
2019-10-04,628.48,9446.65,49906164,3974223041.25,6.443304205726046,9.15341546028425,0.5184623685037693,0.23432555251563514,0,0,0,1
2019-10-11,620.04,9433.34,32794200,4842099878.09,6.429783992087094,9.15200550167675,-1.3520213638952505,-0.14099586074998172,0,0,0,1
2019-10-18,623.01,9455.24,891742,2522323055.57,6.434562570022997,9.154324364165435,0.47785779359035274,0.23188624886838483,0,0,0,1
2019-10-25,613.22,9448.53,1176519,3312980923.05,6.418723762251816,9.153614452832212,-1.5838807771181074,-0.07099113332227347,0,0,0,1
2019-11-01,617.81,9463.37,1439081,6942700995.8,6.426180966821595,9.155183835395135,0.7457204569778497,0.15693825629234937,0,0,0,1
2019-11-08,616.81,9467.27,3866748,2206628654.46,6.424561034828461,9.155595865844731,-0.16199319931340384,0.041203044959559065,0,0,0,1
2019-11-15,623.24,9490.77,3176525,1698898331.7399998,6.434931677349154,9.158075026352503,1.037064252069353,0.24791605077716383,0,0,0,1
2019-11-22,621.7,9500.96,56071152,1947564046.6,6.432457661275292,9.159148125114738,-0.24740160738625505,0.10730987622356025,0,0,0,1
2019-11-29,625.51,9494.68,31999883,2053632119.92,6.4385673169894035,9.158486920730068,0.6109655714111817,-0.06612043846700999,0,0,0,1
2019-12-06,608.57,9510.99,61692952,754618512.76,6.411111942787508,9.160203251067681,-2.745537420189592,0.17163303376133143,0,0,0,1
2019-12-13,612.81,9537.55,5318448,715910806.31,6.418054936831094,9.162991918042929,0.6942994043586559,0.2788666975247267,0,0,0,1
2019-12-20,613.16,9532.4,4869738,1330050557.09,6.418625913297906,9.162451801249208,0.05709764668120343,-0.05401167937204576,0,0,0,1
2019-12-27,626.46,9516.37,2100324608,4501480795.55,6.440084925530074,9.160768752550112,2.1459012232167396,-0.16830486990961901,0,0,0,1
2020-01-03,643.15,9507.56,152209109,409374909.22,6.466377978524725,9.15984255058976,2.6293052994651234,-0.0926201960352202,0,0,0,1
2020-01-10,627.87,9507.89,7399019,1614817275.34,6.442333138669996,9.159877259208281,-2.404483985472883,0.0034708618521506196,0,0,0,1
2020-01-17,624.73,9550.76,1601625,1282032155.98,6.437319556397519,9.164376011460197,-0.5013582272477279,0.4498752251915761,0,0,0,1
2020-01-24,634.91,9547.05,3266242,1422340047.16,6.453483256564258,9.16398748523162,1.6163700166739403,-0.03885262285763247,0,0,0,1
2020-01-31,642.83,9563.33,2925559,1064310305.19,6.4658803035894925,9.165691271753737,1.2397047025234365,0.1703786522115891,0,0,0,1
2020-02-07,625.46,9541.74,854152,427553260.29999995,6.4384873790212245,9.163431137748416,-2.739292456826803,-0.22601340053203245,0,0,0,1
2020-02-14,614.84,9539.16,3310406,555660843.6800001,6.421362071356731,9.16316071025121,-1.712530766449305,-0.027042749720607162,0,0,0,1
2020-02-21,609.05,9528.49,3245672,342132838.77,6.411900366145968,9.16204153708475,-0.9461705210763505,-0.11191731664599303,0,0,0,1
2020-02-28,614.24,9526.28,12235336,1380514182.06,6.4203857312524875,9.161809574168387,0.8485365106519538,-0.023196291636295996,0,0,0,1
2020-03-06,613.52,9513.84,40780972,13958985972.56,6.419212863456604,9.160502859528972,-0.11728677958835476,-0.13067146394156737,0,0,0,1
2020-03-13,614.77,9500.54,84100762,502357193.46,6.4212482141173215,9.159103918078443,0.2035350660717583,-0.13989414505282127,0,0,0,1
2020-03-20,606.58,9520.34,1763369,356852873.21999997,6.407836624054821,9.161185841433385,-1.34115900625007,0.2081923354941395,0,0,0,1
2020-03-27,605.92,9532.74,1348662,320170160.6,6.406747964153484,9.162487468440746,-0.10886599013364417,0.13016270073613612,0,0,0,1
2020-04-03,615.55,9554.22,435031,2405676521.66,6.422516177093624,9.164738220689186,1.5768212940139748,0.22507522484396247,0,0,0,1
2020-04-10,613.04,9590.1,469809,81714403.88,6.418430186662149,9.168486595351794,-0.4085990431475395,0.3748374662608356,0,0,0,1
2020-04-17,601.47,10121.0,669549,114276339.73,6.3993766588591985,9.222367752188902,-1.905352780295022,5.388115683710737,0,0,0,1
2020-04-24,604.25,10137.94,1419439,245084576.69,6.4039880195835925,9.224040100687695,0.46113607243940535,0.16723484987934967,0,0,0,1
2020-05-01,617.5,10130.0,1116515,196588770.11,6.4256790685021326,9.22325659724273,2.1691048918540012,-0.07835034449659162,0,0,0,1
2020-05-08,618.32,10129.39,776961,1311550094.99,6.427006122798615,9.223196378252899,0.13270542964827214,-0.006021898983021856,0,0,0,1
2020-05-15,617.31,10137.2,35671183,3672667149.8199997,6.425371328847449,9.22396710489084,-0.163479395116628,0.07707266379402,0,0,0,1
2020-05-22,621.19,10129.56,1129480,217228863.03,6.43163699326988,9.223213160958815,0.6265664422430817,-0.07539439320236596,0,0,0,1
2020-05-29,627.88,10139.3,1624431,1721395334.17,6.442349065407006,9.224174241231678,1.0712072137126327,0.09610802728623469,0,0,0,1
2020-06-05,626.52,10148.31,8655872,1010727008.25,6.440180697210462,9.225062468143806,-0.21683681965445345,0.08882269121279762,0,0,0,1
2020-06-12,623.43,10153.19,2958441,1113180518.28,6.435236489370733,9.22554322080681,-0.4944207839728598,0.048075266300351416,0,0,0,1
2020-06-19,631.08,10151.9,4677022,993548814.4899999,6.447432637389253,9.225416159069901,1.2196148018520425,-0.012706173690801847,0,0,0,1
2020-06-26,633.93,10172.76,5626623,2471699875.4,6.451938538246946,9.227468838654648,0.4505900857692424,0.20526795847466417,0,0,0,1
2020-07-03,630.58,10173.38,4122352,4176131390.2599998,6.446640030781806,9.227529783875726,-0.5298507465139934,0.006094522107780165,0,0,0,1
2020-07-10,629.64,10184.73,1414636,589820888.54,6.44514822748662,9.228644818736619,-0.1491803295185612,0.11150348608932603,0,0,0,1
2020-07-17,633.46,10194.96,13366980,7221710209.9800005,6.451196856489088,9.229648759508951,0.604862900246772,0.10039407723319016,0,0,0,1
2020-07-24,638.1,10210.39,5633385,3909750527.64,6.458495010874302,9.231161108274442,0.7298154385213529,0.15123487654911116,0,0,0,1
2020-07-31,632.22,10207.69,3245102,580910652.8,6.449237434839492,9.230896636784886,-0.9257576034809922,-0.026447148955632827,0,0,0,1
2020-08-07,631.74,10209.86,387049,130822681.92,6.448477917096723,9.231109199017688,-0.07595177427690558,0.021256223280197162,0,0,0,1
2020-08-14,641.15,10231.71,2576438,487166483.2,6.463263438905125,9.233247000401981,1.4785521808402535,0.21378013842934251,0,0,0,1
2020-08-21,621.14,10246.71,1041256,480528475.55,6.4315564993592,9.2347119574331,-3.1706939545925295,0.14649570311195959,0,0,0,1
2020-08-28,624.17,10262.87,5276280,7166318953.47,6.436422767162943,9.236287806703947,0.48662678037434404,0.1575849270846419,0,0,0,1
2020-09-04,620.79,10270.08,503589,808459499.44,6.430992860491847,9.23699009257094,-0.5429906671095885,0.07022858669927246,0,0,0,1
2020-09-11,621.48,10274.17,204176751,4120678545.1000004,6.4321037302238,9.237388257512862,0.1110869731952846,0.0398164941922019,0,0,0,1
2020-09-18,614.12,10295.33,4695270,563003150.63,6.420190348790698,9.239445673343496,-1.1913381433101833,0.2057415830634568,0,0,0,1
2020-09-25,615.57,10315.62,1531574,1494245500.76,6.422548667833766,9.241414530339835,0.23583190430676026,0.19688569963385305,0,0,0,1
2020-10-02,617.46,10321.21,20704485,334134380.93,6.425614289076055,9.241956280224553,0.30656212422890405,0.054174988471800134,0,0,0,1
2020-10-09,614.08,10339.68,3761595,1126923885.51,6.420125212819335,9.2437441998079,-0.5489076256719905,0.17879195833465644,0,0,0,1
2020-10-16,615.54,10364.48,1935149,886879925.55,6.4224999313276765,9.246139854773949,0.2374718508341367,0.2395654966049321,0,0,0,1
2020-10-23,623.73,10371.76,16711556,9377057607.7,6.435717582423407,9.24684200716986,1.3217651095730254,0.07021523959114262,0,0,0,1
2020-10-30,621.67,10359.88,7044456,7452033886.34,6.432409405325726,9.245695932734808,-0.3308177097681053,-0.11460744350522134,0,0,0,1
2020-11-06,625.2,10366.86,20219502,6669871258.83,6.438071598547322,9.246369458843,0.5662193221596112,0.06735261081924904,0,0,0,1
2020-11-13,630.67,10378.88,1833865,811186265.3,6.446782746342008,9.247528251090955,0.8711147794686624,0.11587922479545654,0,0,0,1
2020-11-20,638.1,10390.93,16371920,1908091714.14,6.458495010874302,9.248688589230976,1.1712264532293126,0.11603381400213664,0,0,0,1
2020-11-27,638.77,10414.86,1096728,944534734.5999999,6.459544452182329,9.250988911453982,0.10494413080275322,0.23003222230055798,0,0,0,1
2020-12-04,634.0,10427.38,2146936,1869322385.8600001,6.452048954437226,9.252190317973236,-0.7495497745103386,0.12014065192538226,0,0,0,1
2020-12-11,635.23,10443.07,4167396,550793700.8,6.453987138036805,9.253693879511761,0.19381835995790908,0.15035615385254886,0,0,0,1
2020-12-18,645.29,10463.12,36194399,31641497808.01,6.469699828153503,9.25561197230123,1.5712690116698624,0.19180927894684174,0,0,0,1
2020-12-25,644.42,10473.77,24704668,20635437303.909996,6.468350687444409,9.256629315461417,-0.13491407090944207,0.10173431601874228,0,0,0,1
2021-01-01,641.4,10476.92,4746485,1120897582.66,6.463653287259055,9.256930021550213,-0.4697400185354361,0.030070608879562144,0,0,0,1
2021-01-08,654.18,10449.44,3009805,2165886646.59,6.483382542946345,9.254303667440295,1.972925568729078,-0.2626354109917628,0,0,0,1
2021-01-15,643.5,10473.2,17413629,2782944179.6,6.466922027036182,9.256574892315717,-1.6460515910163842,0.22712248754217512,0,0,0,1
2021-01-22,651.73,10500.81,2342680,2358507008.04,6.479630365729802,9.259207676027401,1.2708338693620647,0.26327837116841835,0,0,0,1
2021-01-29,686.6,10518.99,1665392,1659048042.6999998,6.531751881023592,9.260937474078114,5.21215152937895,0.17297980507127164,0,0,0,1
2021-02-05,714.89,10540.44,2240237,1350970532.8200002,6.572128684704628,9.262974566954576,4.037680368103658,0.2037092876461699,0,0,0,1
2021-02-12,813.72,10530.83,13113079,2922211867.16,6.701616326483751,9.262062424433854,12.948764177912242,-0.09121425207219147,0,0,0,1
2021-02-19,1055.06,10514.58,18265852,2358665479.29,6.961352916330928,9.2605181444004,25.97365898471775,-0.15442800334533047,0,0,0,1
2021-02-26,1443.53,10538.53,2443060,1561175358.1100001,7.274846781706565,9.26279334367799,31.349386537563717,0.2275199277589124,0,0,0,1
2021-03-05,1255.13,10477.86,194567891,3077396950.34,7.134994431858631,9.257019738550404,-13.985234984793404,-0.5773605127584958,0,0,0,1
2021-03-12,1117.44,10513.56,682038159,3373193426.96,7.018795633771128,9.260421131540413,-11.619879808750344,0.3401392990008745,0,0,0,1
2021-03-19,1036.86,10513.97,4644238,1413333489.96,6.9439521942939555,9.260460128036916,-7.484343947717242,0.003899649650307424,0,0,0,1
2021-03-26,899.72,10490.34,65454394,2232324526.39,6.802083603808098,9.258210112685873,-14.18685904858572,-0.22500153510431886,0,0,0,1
2021-04-02,851.94,10472.51,197667477,6312465485.530001,6.7475161018143215,9.256509007702567,-5.45675019937768,-0.1701104983306223,0,0,0,1
2021-04-09,808.27,10473.07,10373617,1617964579.9,6.694896161118448,9.256562479604527,-5.261994069587317,0.005347190196047791,0,0,0,1
2021-04-16,786.88,10507.46,6195890,1249986316.47,6.668075759027828,9.259840760067362,-2.68204020906202,0.32782804628350704,0,0,0,1
2021-04-23,812.71,10535.24,26080678,3590995254.28,6.700374342346925,9.262481107184307,3.2298583319096963,0.2640347116944497,0,0,0,1
2021-04-30,820.78,10509.11,5832496,2906410454.5,6.710255107647903,9.25999777902939,0.9880765300978034,-0.24833281549163644,0,0,0,1
2021-05-07,809.19,10493.48,6236701,7364351739.93,6.696033747332901,9.258509390893886,-1.4221360315001874,-0.1488388135504337,0,0,0,1
2021-05-14,801.03,10542.66,2011572,2128405372.04,6.685898399550527,9.263185162171427,-1.013534778237446,0.4675771277540264,0,0,0,1
2021-05-21,769.22,10597.75,6067607,3937202119.2,6.6453770144166455,9.268396993417992,-4.052138513388126,0.5211831246565879,0,0,0,1
2021-05-28,738.58,10589.03,22084749,8655619659.15,6.60472942379568,9.26757383855516,-4.064759062096535,-0.08231548628323537,0,0,0,1
2021-06-04,734.6,10539.2,32870300,6819062870.91,6.599326133385567,9.26285691788643,-0.5403290410113115,-0.4716920668730751,0,0,0,1
2021-06-11,727.99,10588.01,16206581,3333055330.1,6.5902873118386065,9.267477507811979,-0.9038821546960563,0.46205899255493676,0,0,0,1
2021-06-18,724.48,10581.03,12169282,4682000583.48,6.585454156134709,9.26681805417091,-0.4833155703897418,-0.06594536410684526,0,0,0,1
2021-06-25,708.11,10564.96,2561461,3362393024.05,6.56259944885712,9.265298143956857,-2.2854707277589092,-0.15199102140535103,0,0,0,1
2021-07-02,824.71,10587.59,3773044,2727841966.4399996,6.715031809387233,9.267437839514498,15.243236053011344,0.21396955576413745,0,0,0,1
2021-07-09,830.2,10630.75,20101223,2969402719.6,6.721666635618939,9.27150602388003,0.6634826231705304,0.4068184365532801,0,0,0,1
2021-07-16,787.93,10650.66,4036148,3139826989.07,6.66940925342473,9.273377141048382,-5.225738219420872,0.18711171683509775,0,0,0,1
2021-07-23,815.98,10598.66,1518601,1482835360.67,6.704389844859815,9.268482857014757,3.498059143508492,-0.489428403362524,0,0,0,1
2021-07-30,800.12,10625.0,109508630,54645519684.58,6.684761716419052,9.270964993792617,-1.9628128440762893,0.24821367778606884,0,0,0,1
2021-08-06,823.7,10618.18,5145701,2678576211.7,6.713806385947203,9.270322905345003,2.904466952815099,-0.06420884476145972,0,0,0,1
2021-08-13,839.68,10672.0,66707319,2601485156.54,6.733020866875615,9.275378768155404,1.9214480928411604,0.5055862810401379,0,0,0,1
2021-08-20,840.52,10632.0,6259941,1953717529.32,6.73402074792547,9.271623600393081,0.09998810498554889,-0.3755167762323097,0,0,0,1
2021-08-27,805.72,10640.74,111578070,3236367918.28,6.691736287610223,9.272445309349406,-4.22844603152468,0.08217089563249402,0,0,0,1
2021-09-03,772.15,10653.18,109817088,622787559.4399999,6.64917883166901,9.273613718117282,-4.2557455941213185,0.11684087678762722,0,0,0,1
2021-09-10,762.25,10668.09,98160108,1002731875.51,6.636274585868364,9.275012321711763,-1.2904245800646308,0.13986035944810737,0,0,0,1
2021-09-17,733.0,10681.06,2110696,2329322571.4700003,6.597145701886651,9.276227358525468,-3.9128883981712548,0.12150368137042733,0,0,0,1
2021-09-24,747.28,10670.0,6764405,2208127711.52,6.616439947564594,9.275191344295799,1.9294245677942357,-0.10360142296690356,0,0,0,1
2021-10-01,786.73,10691.91,72785216,3108877688.44,6.667885114585489,9.277242659714965,5.144516702089508,0.20513154191661442,0,0,0,1
2021-10-08,812.72,10677.89,92945021,2850485012.23,6.700386646783289,9.275930527452472,3.2501532197800387,-0.13121322624929377,0,0,0,1
2021-10-15,795.75,10710.63,15870820,5821562999.68,6.679285066162202,9.27899198524117,-2.1101580621087024,0.3061457788698263,0,0,0,1
2021-10-22,806.07,10692.0,12974945,2453522252.2599998,6.6921705873707396,9.277251077258809,1.2885521208537476,-0.17409079823611506,0,0,0,1
2021-10-29,820.66,10683.0,108089917,3095745285.03,6.710108894566446,9.276408971945887,1.7938307195706216,-0.08421053129215039,0,0,0,1
2021-11-05,817.29,10680.4,16111779,2554467725.1,6.705993989037957,9.276165564996353,-0.41149055284890323,-0.02434069495347302,0,0,0,1
2021-11-12,756.77,10732.04,866694513,3906753244.4300003,6.629059376359994,9.280988938709646,-7.693461267796309,0.4823373713293222,0,0,0,1
2021-11-19,783.81,10768.1,71780036,6239363401.65,6.664166644040868,9.284343338617019,3.510726768087391,0.33543999073728514,0,0,0,1
2021-11-26,912.99,10757.57,404132088,4964149118.7,6.816724927632466,9.283364971779662,15.255828359159818,-0.09783668373568588,0,0,0,1
2021-12-03,1105.98,10760.27,866232831,88270308893.59999,7.008487098736137,9.283615926337756,19.176217110367144,0.02509545580942074,0,0,0,1
2021-12-10,1104.54,10775.34,649046,729574555.43,7.007184237686526,9.285015468998477,-0.13028610496110815,0.13995426607209538,0,0,0,1
2021-12-17,1106.32,10840.22,24369748,1981610348.18,7.008794471156403,9.291018569990644,0.1610233469876654,0.6003100992167276,0,0,0,1
2021-12-24,1100.3,10807.25,13179298,3871657741.63,7.003338148875867,9.287972484190036,-0.5456322280536163,-0.3046085800608722,0,0,0,1
2021-12-31,1069.14,10837.66,17615757,2674429482.57,6.974609865967379,9.290782384532298,-2.8728282908487834,0.28099003422621394,0,0,0,1
2022-01-07,1078.93,10805.43,28694672,1176472623.15,6.983725088269517,9.28780406453969,0.9115222302138015,-0.29783199926072257,0,0,0,1
2022-01-14,1102.43,10852.04,43868097,2089170367.4299998,7.005272113241802,9.292108359728536,2.1547024972285556,0.4304295188845231,0,0,0,1
2022-01-21,1107.46,10835.07,26327732,1837490142.6999998,7.009824383885553,9.290543374494122,0.4552270643750411,-0.15649852344132853,0,0,0,1
2022-01-28,1129.02,10804.0,15054899,3556885769.61,7.029105278784608,9.287671714912506,1.928089489905549,-0.28716595816167256,0,0,0,1
2022-02-04,1176.11,10835.21,44537436,3516793652.37,7.069967661499187,9.290556295416232,4.086238271457887,0.28845805037267525,0,0,0,1
2022-02-11,1184.26,10851.24,5438515,2080708183.0,7.076873385931182,9.292034638152776,0.6905724431994997,0.14783427365436808,0,0,0,1
2022-02-18,1097.34,10856.41,35241446,3755376333.4,7.000644348444539,9.292510967934927,-7.622903748664278,0.047632978215084165,0,0,0,1
2022-02-25,1085.33,10850.85,629432652,76883238213.31,6.989639367196534,9.291998696913934,-1.1004981248005308,-0.05122710209928272,0,0,0,1
2022-03-04,1090.84,10900.25,13837247,3304555588.04,6.9947033206327935,9.296541003734031,0.5063953436259538,0.4542306820097153,0,0,0,1
2022-03-11,1042.16,10957.36,152401868,3245863886.3399997,6.949050761389309,9.301766655574335,-4.565255924348488,0.5225651840303769,0,0,0,1
2022-03-18,1027.48,11571.99,34862309,1868567781.1299999,6.934864481460755,9.356342801940796,-1.4186279928553702,5.457614636646113,0,0,0,1
2022-03-25,1022.41,11483.91,1025311723,997327918.3000001,6.929917864483106,9.34870220421965,-0.49466169776488655,-0.7640597721145781,0,0,0,1
2022-04-01,1065.63,11395.02,15960695,1179228461.1100001,6.971321452542985,9.340931696834014,4.140358805987887,-0.7770507385636449,0,0,0,1
2022-04-08,1066.41,11362.51,16562749,820876289.31,6.9720531461648685,9.338074618573355,0.07316936218835224,-0.2857078260658952,0,0,0,1
2022-04-15,1209.48,11320.0,10802275,3025676134.6,7.0979457941547865,9.334326351757174,12.589264798991806,-0.3748266816181456,0,0,0,1
2022-04-22,737.56,11302.08,3588809,1769927238.59,6.603347440836964,9.332742058557942,-49.45983533178229,-0.1584293199231368,0,0,0,1
2022-04-29,754.09,11179.8,64926289,4176166372.88,6.625511724279939,9.321863857461421,2.216428344297494,-1.0878201096520712,0,0,0,1
2022-05-06,749.92,11132.56,14069192,390114880.47,6.619966534174396,9.317629426806306,-0.5545190105542552,-0.42344306551154176,0,0,0,1
2022-05-13,835.58,11165.92,7602118,2590008996.9500003,6.7281260944988865,9.320621561237799,10.815956032449048,0.2992134431492488,0,0,0,1
2022-05-20,805.95,11088.2,45055471,8850350711.33,6.69202170584294,9.313636758785048,-3.610438865594645,-0.6984802452750571,0,0,0,1
2022-05-27,701.1,11045.25,10955455,9157300015.37,6.552650530212922,9.30975575027438,-13.937117563001777,-0.38810085106675274,0,0,0,1
2022-06-03,739.19,10994.67,6477447,1722973045.69,6.60555499209744,9.305165888895878,5.290446188451803,-0.4589861378502036,0,0,0,1
2022-06-10,736.68,11021.19,38280304,2973350020.71,6.6021536052274055,9.307575062357836,-0.34013868700348837,0.2409173461957792,0,0,0,1
2022-06-17,743.3,10969.48,68638957,1759328267.04,6.611099731731247,9.302872150140296,0.8946126503841967,-0.47029122175406,0,0,0,1
2022-06-24,722.42,10830.17,18229445,2034814366.62,6.582606687212341,9.290091037009418,-2.8493044518905997,-1.2781113130877486,0,0,0,1
2022-07-01,757.35,10865.94,12292881,9535810879.96,6.629825497973035,9.29338840528507,4.721881076069323,0.32973682756516354,0,0,0,1
2022-07-08,770.17,10912.3,79332445,1008181091.0,6.646611269700363,9.297645872373948,1.6785771727328758,0.42574670888786414,0,0,0,1
2022-07-15,653.9,10950.29,1518994502,3725343589.2200003,6.4829544345672305,9.301121218912217,-16.36568351331329,0.3475346538268198,0,0,0,1
2022-07-22,771.62,10899.85,2825733519,9843083495.45,6.648492200861542,9.296504306654656,16.553776629431116,-0.4616912257560557,0,0,0,1
2022-07-29,758.3,10908.11,3013626634,7583979779.55,6.63107908570689,9.2972618282564,-1.7413115154651493,0.07575216017432496,0,0,0,1
2022-08-05,774.49,10919.89,864492885,2731092113.45,6.652204748217726,9.298341175988087,2.112566251083603,0.10793477316877187,0,0,0,1
2022-08-12,747.55,10922.03,9557522,696713273.6800001,6.616801192659937,9.298537129458007,-3.5403555557789623,0.01959534699196297,0,0,0,1
2022-08-19,793.02,10934.97,1709470680,3369933667.14,6.67584844199777,9.299721189622879,5.904724933783356,0.11840601648724913,0,0,0,1
2022-08-26,667.1,10915.65,244120532,1069460288.9899999,6.502939959715469,9.297952818287449,-17.290848228230082,-0.17683713354301744,0,0,0,1
2022-09-02,498.69,10930.01,110569173,805598409.0799999,6.211984660215478,9.29926749608325,-29.095529949999133,0.1314677795800634,0,0,0,1
2022-09-09,419.62,10977.6,827681772,2310517701.89,6.039349539828555,9.303612111936626,-17.26351203869232,0.43446158533768653,0,0,0,1
2022-09-16,385.47,10950.08,810779079,2060935422.0900002,5.954463368963499,9.301102041154031,-8.488617086505545,-0.25100707825949087,0,0,0,1
2022-09-23,337.84,11010.33,70820266,766194702.05,5.822572410625688,9.306589202019595,-13.189095833781117,0.5487160865563112,0,0,0,1
2022-09-30,402.58,11014.01,249302193,2030161351.6,5.997893834872886,9.30692337775737,17.532142424719765,0.03341757377750554,0,0,0,1
2022-10-07,350.6,11063.05,111672102,2337030815.2400002,5.859645972487134,9.311366005594435,-13.824786238575193,0.44426278370650607,0,0,0,1
2022-10-14,382.64,11108.25,109392108,2601394331.8199997,5.947094599372042,9.315443354475192,8.744862688490773,0.4077348880757725,0,0,0,1
2022-10-21,358.57,11136.41,43354226,1097111301.28,5.8821238989988345,9.317975199425188,-6.497070037320718,0.25318449499955875,0,0,0,1
2022-10-28,335.44,11171.33,98563303,1118183007.29,5.815443102862507,9.32110595390975,-6.668079613632738,0.3130754484562459,0,0,0,1
2022-11-04,350.75,11117.33,30806665,1430277096.1399999,5.86007371898257,9.316260431060384,4.463061612006314,-0.4845522849366901,0,0,0,1
2022-11-11,316.36,11194.86,1092042903,5931858078.31,5.756880805651217,9.32321002337181,-10.31929133313536,0.6949592311427111,0,0,0,1
2022-11-18,342.98,11208.18,1671065902,6240491030.07,5.837672136428001,9.324399147845057,8.079133077678424,0.11891244732460393,0,0,0,1
2022-11-25,326.67,11230.39,40216846,19238581508.47,5.78895048702608,9.326378775535527,-4.872164940192114,0.19796276904706644,0,0,0,1
2022-12-02,348.75,11228.08,199766519,1309113665.2,5.854355333135575,9.326173062500922,6.540484610949537,-0.02057130346049263,0,0,0,1
2022-12-09,349.63,11260.49,33341094,3117899354.9300003,5.85687545245669,9.32905541762074,0.25201193211152884,0.28823551198176034,0,0,0,1
2022-12-16,359.62,11231.15,82370928,997958325.3399999,5.885047918403492,9.326446446763795,2.8172465946801672,-0.26089708569454473,0,0,0,1
2022-12-23,380.4,11225.3,82836227,963458068.2,5.941223330671235,9.325925438311227,5.617541226774314,-0.05210084525675285,0,0,0,1
2022-12-30,386.49,11225.46,275324543,787946491869.68,5.957105994471543,9.325939691726257,1.5882663800307562,0.001425341502958588,0,0,0,1
2023-01-06,401.55,11288.44,384931700,3478349520.6400003,5.995332058634471,9.331534472220172,3.8226064162928175,0.5594780493915152,0,0,0,1
2023-01-13,380.82,11300.38,282193048,2053228067.56,5.942326822546434,9.332591632453596,-5.300523608803687,0.10571602334241703,0,0,0,1
2023-01-20,354.73,11285.0,127997871,1611607185.19,5.871356936720072,9.331229689251636,-7.096988582636232,-0.13619432019602584,0,0,0,1
2023-01-27,376.63,11320.02,75000532,5316388196.54,5.931263273167188,9.334328118540066,5.990633644711618,0.30984292884301823,0,0,0,1
2023-02-03,401.8,11295.23,31868355,721332286.11,5.995954452380834,9.332135791687255,6.469117921364642,-0.21923268528105666,0,0,0,1
2023-02-10,392.2,11350.12,61355328,1352522084.33,5.971771913762246,9.336983595540882,-2.4182538618588545,0.4847803853627042,0,0,0,1
2023-02-17,393.36,11353.95,336472386,8017171889.42,5.974725223103684,9.33732097998661,0.2953309341438448,0.033738444572684045,0,0,0,1
2023-02-24,475.08,11338.09,53034669,2500439112.34,6.16348321090604,9.335923132760664,18.87579878023553,-0.139784722594527,0,0,0,1
2023-03-03,509.72,11364.0,42420509,2468661951.36,6.233861555344078,9.338205742974079,7.037834443803881,0.2282610213415026,0,0,0,1
2023-03-10,490.23,11407.1,139291853,1292851896.54,6.194874668731803,9.34199124753633,-3.898688661227556,0.37855045622503525,0,0,0,1
2023-03-17,492.27,11417.98,145878693,53627216872.99,6.199027346455169,9.34294458490242,0.4152677723365805,0.0953337366091489,0,0,0,1
2023-03-24,490.3,11391.23,103878037,224070849.54,6.195017448657188,9.340599040075228,-0.4009897797980777,-0.234554482719318,0,0,0,1
2023-03-31,504.08,11433.21,78836929,3739171419.25,6.2227349856338,9.344277557255728,2.77175369766125,0.36785171805000516,0,0,0,1
2023-04-07,507.33,11374.0,72034251,1416153073.74,6.229161679429703,9.339085327866744,0.6426693795902771,-0.5192229388983449,0,0,0,1
2023-04-14,512.25,11421.0,68240210,2201577353.14,6.238812787119009,9.343209045050607,0.9651107689306215,0.41237171838623965,0,0,0,1
2023-04-21,581.55,11416.17,185772031,2594721285.67,6.365696952785048,9.342786050426316,12.688416566603866,-0.04229946242908511,0,0,0,1
2023-04-28,606.52,11390.24,36984624,2669499619.55,6.407737703932739,9.340512127334248,4.204075114769079,-0.22739230920674203,0,0,0,1
2023-05-05,607.73,11445.03,1165178167,11803508080.92,6.409730704386542,9.34531085361521,0.19930004538029067,0.4798726280961674,0,0,0,1
2023-05-12,666.99,11465.0,429859033,8225964013.469999,6.502775053299487,9.347054195292005,9.304434891294555,0.17433416767946852,0,0,0,1
2023-05-19,674.4,11488.14,123502002,1756676916.15,6.513823406687646,9.349070477843275,1.104835338815846,0.20162825512706206,0,0,0,1
2023-05-26,697.77,11425.15,1747361993,4970099258.82,6.547889535567087,9.343572344779064,3.4066128879441493,-0.549813306421143,0,0,0,1
2023-06-02,704.75,11409.32,165135809,1878968869.5500002,6.557843129994222,9.342185844235285,0.9953594427134504,-0.1386500543778979,0,0,0,1
2023-06-09,697.23,11434.98,161385215,3595126098.73,6.547115341980031,9.344432357439173,-1.0727788014190942,0.2246513203887801,0,0,0,1
2023-06-16,723.94,11460.08,90316048,1794439986.04,6.5847085160233885,9.346624971047158,3.7593174043357713,0.2192613607984839,0,0,0,1
2023-06-23,725.67,11482.27,688641305,22299156114.29,6.58709536603315,9.348559385518168,0.23868500097616874,0.19344144710107258,0,0,0,1
2023-06-30,765.28,11488.12,47192607,703386964.16,6.640241779931987,9.349068736915902,5.31464138988369,0.050935139773322646,0,0,0,1
2023-07-07,765.62,11553.06,80300113,1438626025.5700002,6.640685963099522,9.354705615925777,0.04441831675352503,0.5636879009875528,0,0,0,1
2023-07-14,761.04,11582.14,74237259,1663336116.96,6.634685918898201,9.357219535435007,-0.6000044201321053,0.2513919509230078,0,0,0,1
2023-07-21,666.75,11592.99,78331933,1083122252.09,6.502415163062124,9.358155884080535,-13.22707558360774,0.09363486455278291,0,0,0,1
2023-07-28,686.44,11600.14,40172950,1945398103.8999999,6.531518821534102,9.358772445987144,2.9103658471978378,0.06165619066091921,0,0,0,1
2023-08-04,650.34,11647.79,123792938,53299917591.89,6.477495303055713,9.362871741427792,-5.402351847838904,0.4099295440648021,0,0,0,1
2023-08-11,641.91,12075.03,318445908,106361141429.46,6.4644481069469695,9.398894962989736,-1.304719610874372,3.602322156194404,0,0,0,1
2023-08-18,662.21,12066.19,132746388,706840837.67,6.495582726177016,9.398162605603067,3.1134619230046567,-0.07323573866688804,0,0,0,1
2023-08-25,634.28,12049.02,96825411,2150397769.9300003,6.452490497321366,9.396738607810686,-4.309222885564967,-0.14239977923811153,0,0,0,1
2023-09-01,666.48,12089.97,667510063,2261461541.34,6.502010131666654,9.400131462216182,4.95196343452875,0.3392854405495527,0,0,0,1
2023-09-08,673.39,12137.16,806191868,952395179.74,6.512324656601861,9.404027099848834,1.0314524935207459,0.3895637632652438,0,0,0,1
2023-09-15,676.15,12154.02,1861586472,1519471449.57,6.516414944919369,9.405415258242737,0.4090288317507351,0.13881583939028275,0,0,0,1
2023-09-22,659.93,12190.01,563007879,1431969483.92,6.492133768789587,9.408372042819526,-2.428117612978209,0.2956784576788607,0,0,0,1
2023-09-29,668.88,12175.07,385027267,2755043638.92,6.505604671841803,9.407145697420916,1.3470903052215988,-0.1226345398610107,0,0,0,1
2023-10-06,674.34,12198.12,145565022,786872743.4200001,6.513734434758231,9.40903712048632,0.8129762916428085,0.18914230654036857,0,0,0,1
2023-10-13,682.48,12229.01,1188216925,2630656805.6800003,6.525733222600439,9.411566276917386,1.1998787842208536,0.2529156431066326,0,0,0,1
2023-10-20,709.36,12231.01,107508106,1093819706.99,6.564363155071751,9.411729809081665,3.8629932471311967,0.016353216427944517,0,0,0,1
2023-10-27,677.78,12210.08,306056180,2107290546.52,6.518822751508333,9.410017119089838,-4.554040356341815,-0.17126899918267213,0,0,0,1
2023-11-03,715.01,12240.01,115116404,2074758320.01,6.57229652861019,9.412465373059447,5.347377710185697,0.24482539696091266,0,0,0,1
2023-11-10,653.22,12288.04,190225831,1491636232.71,6.481913979121144,9.416381710590489,-9.038254948904623,0.39163375310415915,0,0,0,1
2023-11-17,653.78,12270.1,87690495,1675614060.7,6.482770903427599,9.414920687630996,0.08569243064551202,-0.1461022959492908,0,0,0,1
2023-11-24,649.92,12304.98,84993239,1382059753.57,6.47684927839202,9.417759337468288,-0.5921625035578693,0.28386498372920954,0,0,0,1
2023-12-01,674.2,12280.01,188638074,2111664496.62,6.51352680279996,9.41572801603305,3.6677524407940254,-0.20313214352380982,0,0,0,1
2023-12-08,683.71,12305.17,144567004,888841802.65,6.527533851110869,9.417774778251868,1.4007048310908488,0.20467622188178325,0,0,0,1
2023-12-15,683.55,12358.03,147956361,1634399149.06,6.527299806378001,9.422061333195256,-0.023404473286792182,0.4286554943387699,0,0,0,1
2023-12-22,697.92,12369.84,468113265,252179889874.32,6.548104483013264,9.423016530783885,2.080467663526342,0.09551975886292752,0,0,0,1
2023-12-29,703.25,12338.77,169483290,5733236845.98,6.555712447369967,9.42050161664052,0.760796435670219,-0.25149141433651323,0,0,0,1
2024-01-05,685.72,12341.54,170818157,1873855221.73,6.53046938113928,9.420726087079638,-2.5243066230686395,0.022447043911810738,0,0,0,1
2024-01-12,678.88,12416.0,304321576,2286944053.8399997,6.5204443814540145,9.426741242423,-1.0024999685265712,0.6015155343362721,0,0,0,1
2024-01-19,675.66,12420.15,257258951,1518970829.69,6.515689990936989,9.427075432709225,-0.47543905170250866,0.033419028622461155,0,0,0,1
2024-01-26,662.68,12412.0,81824163,908019717.2,6.4962922190703365,9.42641902556827,-1.9397771866652924,-0.06564071409549399,0,0,0,1
2024-02-02,675.16,12433.0,136409026,1467691443.28,6.514949699820727,9.428109506952937,1.8657480750390754,0.16904813846672084,0,0,0,1
2024-02-09,669.79,12464.91,109038903,4180599419.12,6.506964230418853,9.430672775714985,-0.798546940187439,0.2563268762047599,0,0,0,1
2024-02-16,662.15,12497.01,54850498,707285888.9399999,6.495492116372973,9.43324469467751,-1.1472114045879778,0.2571918962525288,0,0,0,1
2024-02-23,652.64,12508.0,62513818,1286479071.78,6.481025675569248,9.434123718577732,-1.4466440803724723,0.08790239002216538,0,0,0,1
2024-03-01,665.3,12496.8,130331079,4121094696.0999994,6.500238066747841,9.433227890516799,1.921239117859308,-0.08958280609334679,0,0,0,1
2024-03-08,654.54,12510.86,46168286,452699568.17,6.48393269883772,9.434352346102123,-1.630536791012105,0.11244555853249238,0,0,0,1
2024-03-15,652.91,12567.01,83424917,52196488278.71001,6.481439294356502,9.43883040534969,-0.24934044812185974,0.44780592475657244,0,0,0,1
2024-03-22,659.05,12561.87,55727672,296419182.76,6.490799404158475,9.438421314290185,0.9360109801972882,-0.040909105950426294,0,0,0,1
2024-03-29,661.47,12620.09,119727399,4456170668.88,6.494464631052678,9.443045267607017,0.3665226894203677,0.46239533168321856,0,0,0,1
2024-04-05,660.64,12680.07,115924942,1884420040.52,6.4932090621377805,9.447786748480711,-0.12555689148978644,0.47414808736938596,0,0,0,1
2024-04-12,657.41,12675.88,151229478,481210361.11,6.4883078725534284,9.447456254057261,-0.4901189584352039,-0.03304944234496787,0,0,0,1
2024-04-19,652.16,12697.0,186642049,1817144265.41,6.480289930594306,9.449121024069791,-0.8017941959122865,0.16647700125300702,0,0,0,1
2024-04-26,654.24,12640.21,764679003,5518347916.59,6.483474256616332,9.44463828148689,0.31843260220263403,-0.4482742582901267,0,0,0,1
2024-05-03,668.93,12670.05,77242026,935491967.81,6.505679420871968,9.446996219637311,2.2205164255636234,0.23579381504212904,0,0,0,1
2024-05-10,682.0,12695.0,70854453,1247676579.6,6.525029657843462,9.448963494138779,1.9350236971494184,0.19672745014673865,0,0,0,1
2024-05-17,671.96,12720.0,83563612,1156460578.76,6.510198814942013,9.450930836894113,-1.4830842901448982,0.1967342755333945,0,0,0,1
2024-05-24,675.35,12712.88,53635179,782471262.1800001,6.515231075006773,9.450370931748804,0.5032260064759875,-0.05599051453089032,0,0,0,1
2024-05-31,701.57,12619.83,122095597,1669582044.3,6.553320680736694,9.443024665323016,3.8089605729920706,-0.7346266425788173,0,0,0,1
2024-06-07,664.93,12659.97,124492046,2549023578.22,6.4996817719574045,9.446200326027114,-5.363890877928945,0.3175660704098249,0,0,0,1
2024-06-14,653.74,12614.8,112348612,803546901.85,6.48270971889503,9.442626006807584,-1.6972053062374926,-0.35743192195294426,0,0,0,1
2024-06-21,659.37,12639.81,245989375,1104801643.81,6.491284833697292,9.444606635942302,0.8575114802262362,0.19806291347173044,0,0,0,1
2024-06-28,677.96,12555.16,217081830,179039587227.9,6.519088289149853,9.437887015437205,2.7803455452561465,-0.6719620505096557,0,0,0,1
2024-07-05,666.23,12600.05,120322306,1767737847.81,6.501634956267756,9.441456061185663,-1.7453332882097605,0.3569045748458066,0,0,0,1
2024-07-12,664.51,12655.02,123563132,653969434.0799999,6.49904992694902,9.445809253380979,-0.2585029318735721,0.4353192195315714,0,0,0,1
2024-07-19,643.92,12601.08,53921419,821106221.73,6.467574494785478,9.441537803552023,-3.147543216354176,-0.42714498289555536,0,0,0,1
2024-07-26,644.54,12634.0,204067785,1727903367.0700002,6.468536884068581,9.444146871458646,0.09623892831029934,0.26090679066221867,0,0,0,1
2024-08-02,672.64,12574.88,93263297,41894795839.869995,6.511210268248532,9.439456452178868,4.26733841799507,-0.46904192797772026,0,0,0,1
2024-08-09,666.38,12651.98,211315389,1320026548.3899999,6.501860078397462,9.445569003646547,-0.935018985107039,0.6112551467678529,0,0,0,1
2024-08-16,645.84,12650.05,126054097,2329055457.08,6.47055179508676,9.445416446717024,-3.1308283310701235,-0.015255692952287347,0,0,0,1
2024-08-23,657.31,12677.04,140269476,1649170705.36,6.488155748907036,9.447547762254409,1.7603953820275464,0.21313155373849924,0,0,0,1
2024-08-30,657.38,12625.01,56474940,744958387.0899999,6.488262237889329,9.443435046222454,0.010648898229348447,-0.4112716031954733,0,0,0,1
2024-09-06,648.05,12707.95,21822633,514500674.42,6.473967853869384,9.449983060852237,-1.4294384019945205,0.6548014629782273,0,0,0,1
2024-09-13,648.96,12741.76,118089704,813759350.45,6.4753710815227095,9.452640067151377,0.14032276533253452,0.2657006299140008,0,0,0,1
2024-09-20,649.1,12724.84,2076738174,1851116863104.4602,6.475586788039423,9.451311267665805,0.0215706516713432,-0.13287994855719631,0,0,0,1
2024-09-27,652.29,12736.48,48542726,1609138178.13,6.480489248315077,9.452225595816184,0.4902460275654441,0.09143281503796175,0,0,0,1
2024-10-04,647.19,12741.02,31101527,851254909.59,6.472639914450622,9.452581988715648,-0.784933386445541,0.03563928994640975,0,0,0,1
2024-10-11,639.6,12768.3,126914161,13476566362.689999,6.460842980959799,9.45472081565416,-1.179693349082278,0.21388269385109737,0,0,0,1
2024-10-18,647.51,12803.06,30994117,2349969613.5299997,6.473134237469879,9.457439483836822,1.2291256510080117,0.27186681826627535,0,0,0,1
2024-10-25,635.18,12816.11,1254432463,1236121642748.8499,6.453908423291131,9.45845825229253,-1.9225814178748024,0.10187684557081411,0,0,0,1
2024-11-01,627.45,12780.09,118870200,67504719252.25,6.441663986556317,9.45564377016025,-1.2244436734814457,-0.281448213227975,0,0,0,1
2024-11-08,629.67,12809.05,121634790,680024830.5,6.445195872625634,9.457907231328866,0.3531886069317203,0.22634611686154216,0,0,0,1
2024-11-15,632.88,12800.13,13595197021,1703834294521.11,6.450280830713141,9.457210606106134,0.5084958087507196,-0.06966252227318392,0,0,0,1
2024-11-22,627.2,12844.21,655322708,12262204213705.26,6.441265469036198,9.460648405122459,-0.9015361676943279,0.3437799016325016,0,0,0,1
2024-11-29,642.19,12865.05,1303615552,332094253219.03,6.464884210061116,9.462269611222089,2.361874102491779,0.16212060996299016,0,0,0,1
2024-12-06,635.12,12837.1,6367957185,816243491515.56,6.453813957416858,9.460094695036668,-1.107025264425765,-0.2174916185420983,0,0,0,1
2024-12-13,634.32,12860.09,67527233,856025064.59,6.452553558964143,9.461883996211911,-0.12603984527146395,0.17893011752434518,0,0,0,1
2024-12-20,641.6,12875.06,246713506,4817226337.25,6.463965056552305,9.463047385715253,1.1411497588161623,0.11633895033416053,0,0,0,1
2024-12-27,655.12,12920.48,1644025926,150550433306.41998,6.484818424961933,9.466568928349272,2.0853368409627926,0.3521542634018715,0,0,0,1
2025-01-03,640.26,12904.91,37124976,54140401.92,6.461874343856529,9.465363138087326,-2.2944081105404024,-0.12057902619453387,0,0,0,1
2025-01-10,652.95,12940.44,184268472,1228357886.4099998,6.481500556666417,9.468112570567989,1.9626212809887633,0.2749432480662506,0,0,0,1
2025-01-17,637.17,12955.26,44798121,392059360.06,6.457036495948265,9.469257162266068,-2.4464060718151437,0.11445916980790116,0,0,0,1
2025-01-24,630.84,12979.13,82909743,716173998.44,6.447052264619357,9.47109796181758,-0.9984231328908244,0.18407995515126174,0,0,0,1
2025-01-31,640.87,12957.01,231222096,3968961551.37,6.462826628239999,9.469392233412105,1.577436362064244,-0.17057284054757815,0,0,0,1
2025-02-07,630.7,12969.84,100548011,2193326280.0699997,6.446830313669605,9.470381941074029,-1.5996314570394077,0.09897076619242995,0,0,0,1
2025-02-14,653.74,13003.95,70872001,641405767.27,6.48270971889503,9.473008436445626,3.587940522542432,0.2626495371597315,0,0,0,1
2025-02-21,648.97,12929.92,4260387936,489467977643.75,6.475386490674205,9.467299284585122,-0.7323228220824873,-0.5709151860504136,0,0,0,1
2025-02-28,650.06,12877.37,805687570,700821988794.74,6.477064666321898,9.463226786261625,0.16781756476929033,-0.4072498323496987,0,0,0,1
2025-03-07,649.08,12918.36,1611434717,1024445895.86,6.475555975671336,9.466404834295146,-0.1508690650561917,0.31780480335203976,0,0,0,1
2025-03-14,649.62,12938.11,188362187,1033296662.19,6.476387576550862,9.467932498654664,0.0831600879526384,0.15276643595178996,0,0,0,1
2025-03-21,633.9,12926.51,189914937,2350074739.39,6.4518912132901205,9.467035520405785,-2.449636326074156,-0.08969782488783551,0,0,0,1
2025-03-28,652.93,12913.19,117356593,1215616940.31,6.481469925980592,9.46600454859266,2.9578712690471853,-0.10309718131260581,0,0,0,1
2025-04-04,653.62,12920.44,165991748,1062561504.23,6.482526142832832,9.466565832484264,0.10562168522394444,0.05612838916047025,0,0,0,1
2025-04-11,647.5,12968.38,217730010,3046204955.07,6.4731187935736925,9.470269365885635,-0.940734925913933,0.3703533401370862,0,0,0,1
2025-04-18,637.54,12964.43,128506102,2328013477.62,6.457617020162229,9.469964732486435,-1.5501773411463304,-0.03046333991996164,0,0,0,1
2025-04-25,645.2,12927.17,116995858,1001780550.26,6.469560346251054,9.467086576967183,1.1943326088824868,-0.2878155519251635,0,0,0,1
2025-05-02,658.11,12900.0,35826229,1422943054.14,6.4893720906057055,9.464982590349763,1.9811744354651495,-0.21039866174206168,0,0,0,1
2025-05-09,653.62,12910.15,306266960,627375473733.29,6.482526142832832,9.465769102673267,-0.6845947772873728,0.07865123235042404,0,0,0,1
2025-05-16,655.1,12965.34,44224230,3656407787.0600004,6.48478789573783,9.470034922079353,0.22617529049986373,0.426581940608628,0,0,0,1
2025-05-23,667.45,12904.51,53930470,1149797483.94,6.503464481101742,9.465332141652688,1.8676585363911258,-0.4702780426665498,0,0,0,1
2025-05-30,659.91,12768.26,100432814,1200191013.3600001,6.492103462085741,9.454717682890779,-1.1361019016000284,-1.0614458761908807,0,0,0,1
2025-06-06,650.83,12831.81,1119877103,1250615114973.8398,6.478248471393691,9.459682523263508,-1.3854990692050428,0.4964840372728929,0,0,0,1
2025-06-13,658.33,12705.79,1949013199,2028495975405.47,6.489706325363155,9.449813074065151,1.1457853969464082,-0.9869449198356861,0,0,0,1
2025-06-20,645.43,12559.26,55472251,1323920627.8700001,6.469916761338933,9.43821352108905,-1.9789564024222273,-1.1599552976100824,0,0,0,1
2025-06-27,646.98,12586.41,431347547,565503482.7,6.472315382122036,9.440372939434257,0.2398620783103489,0.21594183452062765,0,0,0,1
2025-07-04,651.86,12557.56,98757275,2627506737.39,6.479829814943789,9.438078153633889,0.7514432821753125,-0.22947858003679045,0,0,0,1
2025-07-11,666.41,12634.34,1284598150,1221098999555.39,6.501905096742445,9.444173782605166,2.207528179865559,0.6095628971277023,0,0,0,1
2025-07-18,670.69,12658.19,140459356,791639735.74,6.508307033198804,9.446059715492783,0.6401936456359003,0.1885932887617514,0,0,0,1
2025-07-25,664.15,12653.48,68148071,887033415.01,6.498508027578512,9.445687555137155,-0.9799005620291901,-0.037216035562792626,0,0,0,1
2025-08-01,659.57,12692.42,107112974361,48330660192.549995,6.491588107540731,9.448760243866882,-0.6919920037780969,0.3072688729726991,0,0,0,1
2025-08-08,652.65,12593.77,8276069685,14206906033.09,6.481040997834799,9.440957526217163,-1.05471097059322,-0.7802717649719071,0,0,0,1
2025-08-15,647.8,12581.97,281719578,2432464109.9300003,6.473582006737229,9.440020115768524,-0.7458991097569978,-0.09374104486390422,0,0,0,1
2025-08-22,662.83,12413.79,749871910,794409140.88,6.496518547050722,9.426563230445787,2.2936540313493126,-1.3456885322737477,0,0,0,1
2025-08-29,682.95,12482.38,389416804,1710487648.7199998,6.526421650448901,9.432073328869713,2.990310339817892,0.5510098423926024,0,0,0,1
2025-09-05,701.85,12437.15,274413388,772735193.95,6.553719705980335,9.428443240367374,2.729805553143372,-0.3630088502339035,0,0,0,1
2025-09-12,702.07,12447.35,351938240,479504945.96999997,6.554033114154306,9.429263027831157,0.03134081739712968,0.08197874637829727,0,0,0,1
2025-09-19,710.01,12314.71,114395838,811301274.15,6.565279054443217,9.4185497617593,1.124594028891135,-1.0713266071856964,0,0,0,1
2025-09-26,699.63,12199.71,248124219,63494967885.86,6.55055162387171,9.409167459947023,-1.472743057150705,-0.938230181227695,0,0,0,1
2025-10-03,703.03,12099.72,206162383,1395715924.78,6.555399565153345,9.400937590821218,0.48479412816346823,-0.8229869125804257,0,0,0,1
2025-10-10,701.78,12123.38,213060397,1199803901.33,6.5536199645954145,9.402891098631883,-0.1779600557930472,0.1953507810664945,0,0,0,1
2025-10-17,688.35,12160.99,730680537,739422517979.03,6.534297429508952,9.405988566679865,-1.932253508646209,0.30974680479811667,0,0,0,1
2025-10-24,705.46,12129.33,394243445,8716910491.67,6.558850072307766,9.403381765457931,2.4552642798813196,-0.26068012219333525,0,0,0,1
2025-10-31,707.76,12025.22,161745251,2342286737.57,6.562105053175131,9.394761390024902,0.3254980867365198,-0.8620375433029182,0,0,0,1
2025-11-07,677.46,12022.92,178319605,910007808.37,6.518350510420486,9.394570107039439,-4.375454275464463,-0.019128298546355893,0,0,0,1
2025-11-14,681.99,11985.1,253337436,2068448072.52,6.525014994979364,9.391419490596713,0.6664484558878137,-0.3150616442725962,0,0,0,1
2025-11-21,697.39,11914.67,250640264,2396322960.17,6.547344795165417,9.385525692968011,2.2329800186052573,-0.5893797628701236,0,0,0,1
2025-11-28,719.87,11902.3,172815447,7050139218.110001,6.579070640152429,9.384486937734891,3.1725844987011698,-0.10387552331199146,0,0,0,1
2025-12-05,696.01,11963.23,609897292,15572192736.33,6.545364028047295,9.389593057932757,-3.370661210513326,0.5106120197865494,0,0,0,1
2025-12-12,712.1,12047.45,100173201,1572120433.45,6.568218350988079,9.396608298267237,2.2854322940784044,0.701524033448031,0,0,0,1
2025-12-19,704.9,12021.61,179743591,3165136960.46,6.55805594877983,9.394461142547199,-1.0162402208249155,-0.21471557200385405,0,0,0,1
2025-12-26,721.73,12078.47,229755280,3187649504.66,6.581651107733056,9.399179807838165,2.3595158953225948,0.47186652909658733,0,0,0,1
2026-01-02,744.07,12025.33,53585045,1566333391.07,6.612135116428785,9.394770537424858,3.048400869572898,-0.4409270413306743,0,0,0,1
2026-01-09,751.17,12109.02,2086097405,1809304292.24,6.6216319909943495,9.401705908417053,0.9496874565564362,0.6935370992195544,0,0,0,1
2026-01-16,776.91,11969.66,952265776,2904192321.3,6.6553245135429915,9.390130393804414,3.3692522548641968,-1.1575514612639282,0,0,0,1
2026-01-23,784.77,12136.92,758036559,5890895191.65,6.665390681220815,9.404007325669955,1.0066167677823756,1.3876931865540953,0,0,0,1
2026-01-30,781.64,12199.1,427476560,2663381816.12,6.661394276491743,9.409117457508367,-0.3996404729072367,0.5110131838412357,0,0,0,1
2026-02-06,767.41,12279.48,290700980,3815419308.2400002,6.643021208741762,9.415684855527674,-1.8373067749981153,0.6567398019306836,0,0,0,1
2026-02-13,786.48,12275.58,324282877,6595200930.870001,6.667567293058669,9.415367202055617,2.454608431690719,-0.031765347205769956,0,0,0,1
2026-02-20,804.79,12169.41,795724491,6435540903.58,6.6905813738209625,9.406680704937857,2.301408076229361,-0.8686497117759373,0,0,0,1
2026-02-27,843.52,12136.57,1419403564,8287071359.64,6.737583612434033,9.403978487624826,4.700223861307062,-0.2702217313030886,0,0,0,1
2026-03-06,876.26,12175.53,866177806,6754250223.69,6.775662850551869,9.407183478830824,3.8079238117835423,0.3204991205997487,0,0,0,1
2026-03-13,924.43,12102.39,1269825183,11431551082.960001,6.829177331356964,9.401158232741352,5.351448080509513,-0.6025246089471636,0,0,0,1
2026-03-20,914.61,12178.85,924048922,2032047817.76,6.8184977449057085,9.40745611972914,-1.0679586451255219,0.6297886987788104,0,0,0,1
2026-03-27,876.86,12179.87,364972351,2983103442.5699997,6.776347344509415,9.407539867972117,-4.215040039629336,0.008374824297696648,0,0,0,1
2026-04-03,914.5,12149.84,1682541003,2654192640.75,6.818377467830921,9.405071279957706,4.203012332150546,-0.24685880144108552,0,0,0,1
2026-04-10,938.88,12198.28,928022251,3521052728.24,6.844687675514562,9.409050237175668,2.631020768364145,0.39789572179618204,0,0,0,1
2026-04-17,957.09,12165.24,4121813449,4944546954.16,6.863897430918253,9.406337983752977,1.9209755403690743,-0.2712253422691546,0,0,0,1
2026-04-24,947.18,12015.96,745310912,5174244233.46,6.8534891490419545,9.393991045103569,-1.0408281876298275,-1.2346938649407946,0,0,0,1
2026-05-01,890.53,11974.79,304835631,136344134729.12001,6.791816791101056,9.390558885590902,-6.167235794089887,-0.34321595126662885,0,0,0,1
